{
    "name": "custom.remote.python.exasol",
    "metricGroup": "tech.exasol",
    "version": "1.38",
    "experimentalMinVersion": "0.10",
    "productiveMinVersion": "0.10",
    "type": "python",
    "entity": "CUSTOM_DEVICE",
    "favicon": "https://github.com/reinhard-brandstaedter/dynatrace-plugin-exasol/raw/main/exasol.png",
    "technologies": [
        "Exasol"
    ],
    "source": {
        "package": "dynatrace_activegate_exasol_plugin",
        "className": "ExasolPluginRemote",
        "install_requires": [
            "pyodbc", "ExasolDatabaseConnector>=0.1.7"
        ],
        "activation": "Remote"
    },
    "metrics": [
        {
            "entity": "CUSTOM_DEVICE",
            "timeseries": {
                "key": "load",
                "unit": "Count",
                "displayname": "CPU load"
            }
        },
        {
            "entity": "CUSTOM_DEVICE",
            "timeseries": {
                "key": "load5",
                "unit": "Count",
                "displayname": "CPU load5"
            }
        },
        {
            "entity": "CUSTOM_DEVICE",
            "timeseries": {
                "key": "load15",
                "unit": "Count",
                "displayname": "CPU load15"
            }
        },
        {
            "entity": "CUSTOM_DEVICE",
            "timeseries": {
                "key": "node.load",
                "unit": "Count",
                "displayname": "CPU load",
                "dimensions": [
                    "Node"
                ]
            }
        },
        {
            "entity": "CUSTOM_DEVICE",
            "timeseries": {
                "key": "node.load5",
                "unit": "Count",
                "displayname": "CPU load5",
                "dimensions": [
                    "Node"
                ]
            }
        },
        {
            "entity": "CUSTOM_DEVICE",
            "timeseries": {
                "key": "node.load15",
                "unit": "Count",
                "displayname": "CPU load15",
                "dimensions": [
                    "Node"
                ]
            }
        },
        {
            "entity": "CUSTOM_DEVICE",
            "timeseries": {
                "key": "cpu",
                "unit": "Percent",
                "displayname": "CPU Utilization"
            }
        },
        {
            "entity": "CUSTOM_DEVICE",
            "timeseries": {
                "key": "temp_db_ram",
                "unit": "MegaByte",
                "displayname": "Temp DB RAM"
            }
        },
        {
            "entity": "CUSTOM_DEVICE",
            "timeseries": {
                "key": "persistent_db_ram",
                "unit": "MegaByte",
                "displayname": "Temp DB RAM"
            }
        },
        {
            "entity": "CUSTOM_DEVICE",
            "timeseries": {
                "key": "hdd_read",
                "unit": "MegaBytePerSecond",
                "displayname": "HDD Read Throughput"
            }
        },
        {
            "entity": "CUSTOM_DEVICE",
            "timeseries": {
                "key": "hdd_write",
                "unit": "MegaBytePerSecond",
                "displayname": "HDD Write Throughput"
            }
        },
        {
            "entity": "CUSTOM_DEVICE",
            "timeseries": {
                "key": "net",
                "unit": "MegaBytePerSecond",
                "displayname": "Network Throughput"
            }
        },
        {
            "entity": "CUSTOM_DEVICE",
            "timeseries": {
                "key": "swap",
                "unit": "MegaBytePerSecond",
                "displayname": "Swap Throughput"
            },
            "alert_settings": [
                {
                        "alert_id": "exasol_swapping",
                        "event_type": "PERFORMANCE_EVENT",
                        "event_name": "Exasol Memory Swapping",
                        "description": "The {metricname} of {entityname} is {severity}",
                        "threshold": 0,
                        "default_state": "inactive",
                        "alert_condition": "ABOVE",
                        "samples":3,
                        "violating_samples":1,
                        "dealerting_samples":3
                }
            ]
        },
        {
            "entity": "CUSTOM_DEVICE",
            "timeseries": {
                "key": "users",
                "unit": "Count",
                "displayname": "Connected users"
            }
        },
        {
            "entity": "CUSTOM_DEVICE",
            "timeseries": {
                "key": "queries",
                "unit": "Count",
                "displayname": "Concurrent queries"
            }
        },
        {
            "entity": "CUSTOM_DEVICE",
            "timeseries": {
                "key": "sessions.idle",
                "unit": "Count",
                "displayname": "Sessions idle"
            },
            "alert_settings": [
                {
                    "alert_id": "idle_sessions",
                    "event_type": "PERFORMANCE_EVENT",
                    "event_name": "High number of idle sessions",
                    "description": "The number of {metricname} is {alert_condition} the threshold of {threshold}",
                    "threshold": 98.0,
                    "alert_condition": "ABOVE",
                    "samples":10,
                    "violating_samples":7,
                    "dealerting_samples":7
                }
            ]
        },
        {
            "entity": "CUSTOM_DEVICE",
            "timeseries": {
                "key": "backup.interval",
                "unit": "Count",
                "displayname": "Time between backups"
            },
            "alert_settings": [
                {
                    "alert_id": "backup_interval",
                    "event_type": "PERFORMANCE_EVENT",
                    "event_name": "Time between backups is too high",
                    "description": "The {metricname} is {alert_condition} the threshold of {threshold}",
                    "threshold": 30.0,
                    "alert_condition": "ABOVE",
                    "samples":10,
                    "violating_samples":7,
                    "dealerting_samples":7
                }
            ]
        },
        {
            "entity": "CUSTOM_DEVICE",
            "timeseries": {
                "key": "dbsize.raw_object_size",
                "unit": "MegaByte",
                "displayname": "Size of uncompressed data volume"
            }
        },
        {
            "entity": "CUSTOM_DEVICE",
            "timeseries": {
                "key": "dbsize.mem_object_size",
                "unit": "MegaByte",
                "displayname": "Size of compressed data volume"
            }
        },
        {
            "entity": "CUSTOM_DEVICE",
            "timeseries": {
                "key": "dbsize.auxiliary_size",
                "unit": "MegaByte",
                "displayname": "Size of auxiliary structures"
            }
        },
        {
            "entity": "CUSTOM_DEVICE",
            "timeseries": {
                "key": "dbsize.statistics_size",
                "unit": "MegaByte",
                "displayname": "Size of statistical system tables"
            }
        },
        {
            "entity": "CUSTOM_DEVICE",
            "timeseries": {
                "key": "dbsize.recommended_db_ram_size",
                "unit": "MegaByte",
                "displayname": "Recommended DB RAM size"
            }
        },
        {
            "entity": "CUSTOM_DEVICE",
            "timeseries": {
                "key": "dbsize.db_ram_size",
                "unit": "MegaByte",
                "displayname": "Licensed DB RAM size"
            }
        },
        {
            "entity": "CUSTOM_DEVICE",
            "timeseries": {
                "key": "dbsize.db_ramratio",
                "unit": "Ratio",
                "displayname": "Recommended vs. Licensed DB RAM Size"
            },
            "alert_settings": [
                {
                    "alert_id": "exasol_ram_size",
                    "event_type": "PERFORMANCE_EVENT",
                    "event_name": "Recommended vs. licensed RAM size ratio warning",
                    "description": "The {metricname} is {alert_condition} the recommended threshold of {threshold}",
                    "threshold": 2.0,
                    "alert_condition": "ABOVE",
                    "samples":10,
                    "violating_samples":7,
                    "dealerting_samples":7
                }
            ]
        },
        {
            "entity": "CUSTOM_DEVICE",
            "timeseries": {
                "key": "dbsize.storage_size",
                "unit": "MegaByte",
                "displayname": "Size of persistent volume"
            }
        },
        {
            "entity": "CUSTOM_DEVICE",
            "timeseries": {
                "key": "dbsize.use",
                "unit": "Percent",
                "displayname": "Utilization of persistent volume"
            }
        },
        {
            "entity": "CUSTOM_DEVICE",
            "timeseries": {
                "key": "dbsize.temp_size",
                "unit": "MegaByte",
                "displayname": "Size of temporary volume"
            }
        },
        {
            "entity": "CUSTOM_DEVICE",
            "timeseries": {
                "key": "dbsize.object_count",
                "unit": "Count",
                "displayname": "Number of schema objects"
            }
        },
        {
            "entity": "CUSTOM_DEVICE",
            "timeseries": {
                "key": "db.sql_failed",
                "unit": "Count",
                "displayname": "Failed SQL statements",
                "dimensions": [
                    "CommandName"
                ]
            }
        },
        {
            "entity": "CUSTOM_DEVICE",
            "timeseries": {
                "key": "db.sql_failed.duration_median",
                "unit": "Second",
                "displayname": "Median duration of failed SQL statements",
                "dimensions": [
                    "CommandName"
                ]
            }
        },
        {
            "entity": "CUSTOM_DEVICE",
            "timeseries": {
                "key": "db.sql_failed.duration_max",
                "unit": "Second",
                "displayname": "Maximum duration of failed SQL statements",
                "dimensions": [
                    "CommandName"
                ]
            }
        },
        {
            "entity": "CUSTOM_DEVICE",
            "timeseries": {
                "key": "db.sql_failed.duration_pct90",
                "unit": "Second",
                "displayname": "Percentile (90th) of failed SQL statements",
                "dimensions": [
                    "CommandName"
                ]
            }
        },
        {
            "entity": "CUSTOM_DEVICE",
            "timeseries": {
                "key": "db.sql_successful",
                "unit": "Count",
                "displayname": "Successful SQL statements",
                "dimensions": [
                    "CommandName"
                ]
            }
        },
        {
            "entity": "CUSTOM_DEVICE",
            "timeseries": {
                "key": "db.sql_successful.duration_median",
                "unit": "Second",
                "displayname": "Median duration of successful SQL statements",
                "dimensions": [
                    "CommandName"
                ]
            }
        },
        {
            "entity": "CUSTOM_DEVICE",
            "timeseries": {
                "key": "db.sql_successful.duration_max",
                "unit": "Second",
                "displayname": "Maximum duration of successful SQL statements",
                "dimensions": [
                    "CommandName"
                ]
            }
        },
        {
            "entity": "CUSTOM_DEVICE",
            "timeseries": {
                "key": "db.sql_successful.duration_pct90",
                "unit": "Second",
                "displayname": "Percentile (90th) of successful SQL statements",
                "dimensions": [
                    "CommandName"
                ]
            }
        },
		{
			"entity": "CUSTOM_DEVICE",
			"statetimeseries": {
				"key": "state",
				"states": ["AVAILABLE", "UNAVAILABLE"],
				"displayname": "State"
			},
            "alert_settings": [
                {
                    "alert_id": "exasol_availability",
                    "event_type": "AVAILABILITY_EVENT",
                    "state_name": "UNAVAILABLE",
                    "event_name": "Exasol Database unreachable or not available",
                    "description": "The database is either down or not reachable for the monitoring plugin.",
                    "threshold": 1.0,
                    "alert_condition": "BELOW",
                    "samples":10,
                    "violating_samples":7,
                    "dealerting_samples":7
                }
            ]
		}
    ],
    "properties": [
        {
            "key": "host",
            "type": "String"
        },
        {
            "key": "port",
            "type": "Integer"
        },
        {
            "key": "username",
            "type": "String"
        },
        {
            "key": "password",
            "type": "Password"
        }
    ],
    "configUI": {
        "displayName": "Exasol In-Memory Database",
        "properties": [
            {
                "key": "host",
                "displayName": "Host",
                "displayHint": "my.exasoldb.host or IP",
                "displayOrder": 1
            },
            {
                "key": "port",
                "displayName": "Port",
                "displayHint": "9563",
                "displayOrder": 2
            },
            {
                "key": "username",
                "displayName": "User",
                "displayHint": "sys",
                "displayOrder": 3
            },
            {
                "key": "password",
                "displayName": "Password",
                "displayHint": "exasol",
                "displayOrder": 4
            }
        ]
    },
    "ui": {
        "keymetrics": [
            {
                "key": "cpu",
                "aggregation": "avg",
                "mergeaggregation": "avg",
                "displayname": "CPU Utilization"
            },
            {
                "key": "temp_db_ram",
                "aggregation": "avg",
                "mergeaggregation": "avg",
                "displayname": "Temp DB Memory"
            },
            {
                "key": "queries",
                "aggregation": "avg",
                "mergeaggregation": "avg",
                "displayname": "Queries"
            },
            {
                "key": "users",
                "aggregation": "avg",
                "mergeaggregation": "avg",
                "displayname": "Users"
            }
        ],
        "keycharts":[
            {
                "group": "Availability",
                "title": "Availability",
                "series": [
                {
                    "key": "state",
                    "displayname": "Status",
                    "seriestype": "bar",
                    "statecolors": ["#8EC255", "#C93234"],
                    "statechart": true
                }]
            },
            {
                "group": "System Resources",
                "title": "CPU Utilization",
                "link": "System Resources",
                "series": [
                    {
                        "key": "cpu",
                        "displayname": "CPU Utilization",
                        "aggregation": "avg",
                        "mergeaggregation": "avg",
                        "color": "#00a6fb",
                        "seriestype": "line",
                        "rightaxis": false,
                        "stacked": false,
                        "unit": "Percent",
                        "metricexplanation": "Not used"
                    }
                ]
            },
            {
                "group": "System Resources",
                "title": "System Load",
                "link": "System Resources",
                "series": [
                    {
                        "key": "load",
                        "displayname": "System Load",
                        "aggregation": "avg",
                        "mergeaggregation": "avg",
                        "color": "#153B85",
                        "seriestype": "line",
                        "rightaxis": false,
                        "stacked": false,
                        "unit": "Count",
                        "metricexplanation": "Not used"
                    },
                    {
                        "key": "load5",
                        "displayname": "System Load 5",
                        "aggregation": "avg",
                        "mergeaggregation": "avg",
                        "color": "#3E8BD5",
                        "seriestype": "line",
                        "rightaxis": false,
                        "stacked": false,
                        "unit": "Count",
                        "metricexplanation": "Not used"
                    },
                    {
                        "key": "load15",
                        "displayname": "System Load 15",
                        "aggregation": "avg",
                        "mergeaggregation": "avg",
                        "color": "#8BCEF3",
                        "seriestype": "line",
                        "rightaxis": false,
                        "stacked": false,
                        "unit": "Count",
                        "metricexplanation": "Not used"
                    }
                ]
            },
            {
                "group": "System Resources",
                "title": "Network Throughput",
                "link": "System Resources",
                "series": [
                    {
                        "key": "net",
                        "displayname": "Network Throughput",
                        "aggregation": "avg",
                        "mergeaggregation": "avg",
                        "color": "#00a6fb",
                        "seriestype": "area",
                        "rightaxis": false,
                        "stacked": false,
                        "unit": "MegaBytePerSecond",
                        "metricexplanation": "Network traffic ratio in MiB per second (sum of send/receive, per node)"
                    }
                ]
            },
            {
                "group": "System Resources",
                "title": "Swap Ratio",
                "link": "System Resources",
                "series": [
                    {
                        "key": "swap",
                        "displayname": "Swap Ratio",
                        "aggregation": "avg",
                        "mergeaggregation": "avg",
                        "color": "#00a6fb",
                        "seriestype": "area",
                        "rightaxis": false,
                        "stacked": false,
                        "unit": "MegaBytePerSecond",
                        "metricexplanation": "Swap ratio in MiB per second. If this value is higher than 0, a system configuration problem may exist."
                    }
                ]
            },
            {
                "group": "SQL Executions",
                "title": "Successful and Failed Statements",
                "link": "SQL Executions",
                "series": [
                    {
                        "key": "db.sql_successful",
                        "displayname": "Successful statements",
                        "aggregation": "sum",
                        "mergeaggregation": "sum",
                        "color": "#008cdb",
                        "seriestype": "bar",
                        "rightaxis": false,
                        "stacked": true,
                        "unit": "Count"
                    },
                    {
                        "key": "db.sql_failed",
                        "displayname": "Failed statements",
                        "aggregation": "sum",
                        "mergeaggregation": "sum",
                        "color": "#C93234",
                        "seriestype": "bar",
                        "rightaxis": false,
                        "stacked": true,
                        "unit": "Count"
                    }
                ]
            },
            {
                "group": "SQL Executions",
                "title": "Statement Execution Time",
                "link": "SQL Executions",
                "series": [
                    {
                        "key": "db.sql_successful.duration_median",
                        "displayname": "Median",
                        "aggregation": "avg",
                        "mergeaggregation": "avg",
                        "color": "#153B85",
                        "seriestype": "line",
                        "rightaxis": false,
                        "stacked": false,
                        "unit": "Second"
                    },
                    {
                        "key": "db.sql_successful.duration_max",
                        "displayname": "Maximum",
                        "aggregation": "avg",
                        "mergeaggregation": "avg",
                        "color": "#3E8BD5",
                        "seriestype": "line",
                        "rightaxis": false,
                        "stacked": false,
                        "unit": "Second"
                    },
                    {
                        "key": "db.sql_successful.duration_pct90",
                        "displayname": "90th Percentile",
                        "aggregation": "avg",
                        "mergeaggregation": "avg",
                        "color": "#8BCEF3",
                        "seriestype": "line",
                        "rightaxis": false,
                        "stacked": false,
                        "unit": "Second"
                    }
                ]
            },
            {
                "group": "System Resources",
                "title": "Hard Disk",
                "description": "Throughput",
                "explanation": "Not used",
                "link": "System Resources",
                "series": [
                    {
                        "key": "hdd_read",
                        "displayname": "Hard Disk Read",
                        "aggregation": "avg",
                        "mergeaggregation": "avg",
                        "color": "#00a6fb",
                        "seriestype": "line",
                        "rightaxis": false,
                        "stacked": false,
                        "unit": "MegaBytePerSecond",
                        "metricexplanation": "Not used"
                    },
                    {
                        "key": "hdd_write",
                        "displayname": "Hard Disk Write",
                        "aggregation": "avg",
                        "mergeaggregation": "avg",
                        "color": "#008cdb",
                        "seriestype": "line",
                        "rightaxis": true,
                        "stacked": false,
                        "unit": "MegaBytePerSecond",
                        "metricexplanation": "Not used"
                    }
                ]
            },
            {
                "group": "Sizing",
                "title": "Hard Disk",
                "description": "Throughput",
                "explanation": "Not used",
                "link": "Sizing",
                "series": [
                    {
                        "key": "dbsize.recommended_db_ram_size",
                        "displayname": "Recommended DB RAM",
                        "aggregation": "avg",
                        "mergeaggregation": "avg",
                        "color": "#00a6fb",
                        "seriestype": "area",
                        "rightaxis": false,
                        "stacked": false,
                        "unit": "MegaByte"
                    },
                    {
                        "key": "dbsize.db_ram_size",
                        "displayname": "Licensed DB RAM",
                        "aggregation": "avg",
                        "mergeaggregation": "avg",
                        "color": "#008cdb",
                        "seriestype": "line",
                        "rightaxis": false,
                        "stacked": false,
                        "unit": "MegaByte"
                    },
                    {
                        "key": "dbsize.db_ramratio",
                        "displayname": "Recommended vs Licensed RAM Ratio",
                        "aggregation": "avg",
                        "mergeaggregation": "avg",
                        "color": "#C93234",
                        "seriestype": "line",
                        "rightaxis": true,
                        "stacked": false,
                        "unit": "Ratio"
                    }
                ]
            }
        ],
        "charts": [
            {
                "group": "Hard Disk IO",
                "title": "Hard Disk Througput",
                "explanation": "Not used",
                "link": "Hard Disk IO",
                "series": [
                    {
                        "key": "hdd_read",
                        "displayname": "Hard Disk Read",
                        "aggregation": "avg",
                        "mergeaggregation": "avg",
                        "color": "#00a6fb",
                        "seriestype": "line",
                        "rightaxis": false,
                        "stacked": false,
                        "unit": "MegaBytePerSecond",
                        "metricexplanation": "Not used"
                    },
                    {
                        "key": "hdd_write",
                        "displayname": "Hard Disk Write",
                        "aggregation": "avg",
                        "mergeaggregation": "avg",
                        "color": "#008cdb",
                        "seriestype": "line",
                        "rightaxis": true,
                        "stacked": false,
                        "unit": "MegaBytePerSecond",
                        "metricexplanation": "Not used"
                    }
                ]
            },
            {
                "group": "Database Sizes",
                "title": "Persistent Volume",
                "description": "Size and utilization of the persistent storage",
                "explanation": "Not used",
                "link": "Database Sizes",
                "series": [
                    {
                        "key": "dbsize.storage_size",
                        "displayname": "Storage size",
                        "aggregation": "avg",
                        "mergeaggregation": "avg",
                        "color": "#00a6fb",
                        "seriestype": "area",
                        "rightaxis": false,
                        "stacked": false,
                        "unit": "MegaByte",
                        "metricexplanation": "Size of the persistent volume"
                    },
                    {
                        "key": "dbsize.use",
                        "displayname": "Utilization",
                        "aggregation": "avg",
                        "mergeaggregation": "avg",
                        "color": "#C93234",
                        "seriestype": "line",
                        "rightaxis": true,
                        "stacked": false,
                        "unit": "Percent",
                        "metricexplanation": "Ratio of effectively used space of the persistent volume size in percentage"
                    }
                ]
            },
            {
                "group": "Database Sizes",
                "title": "Data Volumes",
                "description": "Size of compressed and uncompressed data volumes",
                "explanation": "Not used",
                "link": "Database Sizes",
                "series": [
                    {
                        "key": "dbsize.raw_object_size",
                        "displayname": "Uncompressed",
                        "aggregation": "avg",
                        "mergeaggregation": "avg",
                        "color": "#00a6fb",
                        "seriestype": "area",
                        "rightaxis": false,
                        "stacked": true,
                        "unit": "MegaByte"
                    },
                    {
                        "key": "dbsize.mem_object_size",
                        "displayname": "Compressed",
                        "aggregation": "avg",
                        "mergeaggregation": "avg",
                        "color": "#008cdb",
                        "seriestype": "area",
                        "rightaxis": false,
                        "stacked": true,
                        "unit": "MegaByte"
                    }
                ]
            },
            {
                "group": "Database Sizes",
                "title": "Temporary Volume",
                "description": "Size of the temporary volume",
                "explanation": "Not used",
                "link": "Database Sizes",
                "series": [
                    {
                        "key": "dbsize.temp_size",
                        "displayname": "Temporary",
                        "aggregation": "avg",
                        "mergeaggregation": "avg",
                        "color": "#00a6fb",
                        "seriestype": "area",
                        "rightaxis": false,
                        "stacked": false,
                        "unit": "MegaByte"
                    }
                ]
            },
            {
                "group": "Database Sizes",
                "title": "Auxiliary Structures and Statistics Tables",
                "description": "Size of auxiliary structures like indices and statistical system tables",
                "explanation": "Not used",
                "link": "Database Sizes",
                "series": [
                    {
                        "key": "dbsize.auxiliary_size",
                        "displayname": "Auxiliary size",
                        "aggregation": "avg",
                        "mergeaggregation": "avg",
                        "color": "#00a6fb",
                        "seriestype": "area",
                        "rightaxis": false,
                        "stacked": true,
                        "unit": "MegaByte"
                    },
                    {
                        "key": "dbsize.statistics_size",
                        "displayname": "Statistics size",
                        "aggregation": "avg",
                        "mergeaggregation": "avg",
                        "color": "#008cdb",
                        "seriestype": "area",
                        "rightaxis": true,
                        "stacked": true,
                        "unit": "MegaByte"
                    }
                ]
            },
            {
                "group": "Database Sizes",
                "title": "Recommended DB RAM Size",
                "description": "Recommended DB RAM size to achieve the maximum system performance",
                "link": "Database Sizes",
                "series": [
                    {
                        "key": "dbsize.recommended_db_ram_size",
                        "displayname": "Recommended DB RAM",
                        "aggregation": "avg",
                        "mergeaggregation": "avg",
                        "color": "#00a6fb",
                        "seriestype": "area",
                        "rightaxis": false,
                        "stacked": false,
                        "unit": "MegaByte"
                    },
                    {
                        "key": "temp_db_ram",
                        "displayname": "Temporary DB Memory",
                        "aggregation": "avg",
                        "mergeaggregation": "avg",
                        "color": "#8EC255",
                        "seriestype": "line",
                        "rightaxis": false,
                        "stacked": true,
                        "unit": "MegaByte"
                    },
                    {
                        "key": "persistent_db_ram",
                        "displayname": "Persistent DB Memory",
                        "aggregation": "avg",
                        "mergeaggregation": "avg",
                        "color": "#C93234",
                        "seriestype": "line",
                        "rightaxis": false,
                        "stacked": true,
                        "unit": "MegaByte"
                    }
                ]
            },
            {
                "group": "Database Sizes",
                "title": "Schema Objects",
                "description": "Number of schema objects in the database",
                "link": "Database Sizes",
                "series": [
                    {
                        "key": "dbsize.object_count",
                        "displayname": "Schema objects",
                        "aggregation": "avg",
                        "mergeaggregation": "avg",
                        "color": "#D8DBDD",
                        "seriestype": "bar",
                        "rightaxis": false,
                        "stacked": true,
                        "unit": "Count"
                    }
                ]
            },
            {
                "group": "Users and Queries",
                "title": "Concurrent Queries",
                "link": "Users and Queries",
                "series": [
                    {
                        "key": "queries",
                        "displayname": "Queries",
                        "aggregation": "avg",
                        "mergeaggregation": "avg",
                        "color": "#00a6fb",
                        "seriestype": "bar",
                        "rightaxis": false,
                        "stacked": false,
                        "unit": "Count",
                        "metricexplanation": "Number of concurrent queries"
                    }
                ]
            },
            {
                "group": "Users and Queries",
                "title": "Connected Users",
                "link": "Users and Queries",
                "series": [
                    {
                        "key": "users",
                        "displayname": "Connected Users",
                        "aggregation": "avg",
                        "mergeaggregation": "avg",
                        "color": "#008cdb",
                        "seriestype": "bar",
                        "rightaxis": true,
                        "stacked": false,
                        "unit": "Count",
                        "metricexplanation": "Number of connected users"
                    }
                ]
            },
            {
                "group": "SQL Executions",
                "title": "Successful and Failed SQL Executions",
                "link": "SQL Executions",
                "series": [
                    {
                        "key": "db.sql_successful",
                        "displayname": "Successful statements",
                        "color": "#008cdb",
                        "seriestype": "bar",
                        "rightaxis": false,
                        "stacked": true,
                        "unit": "Count"
                    },
                    {
                        "key": "db.sql_failed",
                        "displayname": "Failed statements",
                        "color": "#C93234",
                        "seriestype": "bar",
                        "rightaxis": false,
                        "stacked": true,
                        "unit": "Count"
                    }
                ]
            },
            {
                "group": "SQL Executions",
                "title": "Execution Duration of Successful Statements",
                "link": "SQL Executions",
                "series": [
                    {
                        "key": "db.sql_successful.duration_median",
                        "displayname": "Median",
                        "color": "#153B85",
                        "seriestype": "line",
                        "rightaxis": false,
                        "stacked": false,
                        "unit": "Second"
                    },
                    {
                        "key": "db.sql_successful.duration_max",
                        "displayname": "Maximum",
                        "color": "#3E8BD5",
                        "seriestype": "line",
                        "rightaxis": false,
                        "stacked": false,
                        "unit": "Second"
                    },
                    {
                        "key": "db.sql_successful.duration_pct90",
                        "displayname": "90th Percentile",
                        "color": "#8BCEF3",
                        "seriestype": "line",
                        "rightaxis": false,
                        "stacked": false,
                        "unit": "Second"
                    }
                ]
            },
            {
                "group": "SQL Executions",
                "title": "Execution Duration of Failed Statements",
                "link": "SQL Executions",
                "series": [
                    {
                        "key": "db.sql_failed.duration_median",
                        "displayname": "Median",
                        "color": "#153B85",
                        "seriestype": "line",
                        "rightaxis": false,
                        "stacked": false,
                        "unit": "Second"
                    },
                    {
                        "key": "db.sql_failed.duration_max",
                        "displayname": "Maximum",
                        "color": "#3E8BD5",
                        "seriestype": "line",
                        "rightaxis": false,
                        "stacked": false,
                        "unit": "Second"
                    },
                    {
                        "key": "db.sql_failed.duration_pct90",
                        "displayname": "90th Percentile",
                        "color": "#8BCEF3",
                        "seriestype": "line",
                        "rightaxis": false,
                        "stacked": false,
                        "unit": "Second"
                    }
                ]
            },
            {
                "group": "Cluster Nodes",
                "title": "System Load",
                "link": "Cluster Nodes",
                "series": [
                    {
                        "key": "node.load",
                        "displayname": "System Load",
                        "color": "#153B85",
                        "seriestype": "line",
                        "rightaxis": false,
                        "stacked": false,
                        "unit": "Count"
                    },
                    {
                        "key": "node.load5",
                        "displayname": "System Load 5",
                        "color": "#3E8BD5",
                        "seriestype": "line",
                        "rightaxis": false,
                        "stacked": false,
                        "unit": "Count"
                    },
                    {
                        "key": "node.load15",
                        "displayname": "System Load 15",
                        "color": "#8BCEF3",
                        "seriestype": "line",
                        "rightaxis": false,
                        "stacked": false,
                        "unit": "Count"
                    }
                ]
            }            
        ]
    }
}